{"softRed": [0.7443235610941799, 0.5417196273569862, 0.4944650295806922], "softYellow": [0.6601303382679075, 0.5927553257330509, 0.4115890400375952], "softGreen": [0.508577701023806, 0.6371716221595602, 0.5171472788286496], "softBlue": [0.4739250554365228, 0.6148372269543714, 0.7540230979368767], "softViolet": [0.589416827826248, 0.5745490740720085, 0.7625601485734249], "softMagenta": [0.7023662766475203, 0.539345333002989, 0.667306145769201], "vividRed": [0.9999985364544964, 0.6052500304085705, 0.4832542770230354], "vividYellow": [0.9433576193649835, 0.7910146879897011, 0.34945248487431996], "vividGreen": [0.5420065322290266, 0.8008840880351774, 0.524713734687789], "vividBlue": [0.32406345030550177, 0.6315106299814287, 0.8716529710284755], "vividViolet": [0.6238257497586451, 0.5804108139830769, 0.9256759103909324], "vividMagenta": [0.8726364060508955, 0.5490006844995248, 0.7806424103692304], "invVividRed": [0.546351514076145, 0.2972633216644767, 0.2238109071517258], "invVividYellow": [0.5046942745619789, 0.4136520051522795, 0.11250331075008704], "invVividGreen": [0.23325660782964447, 0.42742889933401446, 0.2507187729986703], "invVividBlue": [1.0992729374337262e-06, 0.3232196591071029, 0.48422159689616456], "invVividViolet": [0.3029101312684861, 0.28685458429153365, 0.5175083704375874], "invVividMagenta": [0.4677789664600756, 0.2626722576936502, 0.42199384946372415], "hcRed": [0.9749724407629764, 0.6606659458887986, 0.5738880033459045], "hcYellow": [0.8502713169207387, 0.7403382735377226, 0.44069484770959094], "hcGreen": [0.6148946169713859, 0.810317487911647, 0.6078705619148417], "hcBlue": [0.5505458586381702, 0.7762490619512609, 0.986578249959852], "hcViolet": [0.7438932358130976, 0.7110628545764052, 0.9999986407343259], "hcMagenta": [0.9166179625829133, 0.6554484990113927, 0.8461147835921091], "invHcRed": [0.4466203843247993, 0.22868873699215425, 0.16750679618089315], "invHcYellow": [0.360611016667503, 0.29173312306437926, 0.016937609503888767], "invHcGreen": [0.15452054335125673, 0.3458675209492652, 0.19143210920043832], "invHcBlue": [1.1714760231662514e-05, 0.3210715622103313, 0.4809450304789196], "invHcViolet": [0.28071577974506895, 0.2674194165093458, 0.4905669727829353], "invHcMagenta": [0.41113853362527614, 0.22233333443868775, 0.37347120978478027], "termLowRed": [0.5192158062168897, 0.3965787727540993, 0.3756809332145738], "termLowYellow": [0.6535595197784206, 0.6034600694220921, 0.47382318795187045], "termLowGreen": [0.5022861972675945, 0.5985745469089798, 0.5187578689163218], "termLowBlue": [0.4933226833147059, 0.5958464913482872, 0.705168550314884], "termLowViolet": [0.33382136699124976, 0.33844440862866565, 0.4501904655634081], "termLowMagenta": [0.5237305925178509, 0.4237713941927502, 0.5133861195750081], "termHighRed": [0.732609747300608, 0.5744536571946062, 0.5454222551631502], "termHighYellow": [0.9445817604884945, 0.8762568790189407, 0.7125681943403988], "termHighGreen": [0.7488393397681274, 0.8625327603688697, 0.7615204223898464], "termHighBlue": [0.7414656520818763, 0.8618273254862934, 0.9999980092311206], "termHighViolet": [0.46855345592409087, 0.4652791851902293, 0.5950092366894416], "termHighMagenta": [0.7479556486378302, 0.6175181245476935, 0.7269408724150228], "deepBlack": [0.14972208405103188, 0.22427003911744786, 0.25568269330710874], "black": [0.21129335317348397, 0.27424437868935725, 0.3041480570733342], "darkGray": [0.25088351538822556, 0.30854062923467557, 0.337995147450366], "mediumGray": [0.47218140608144893, 0.5110843125075536, 0.5424300112285991], "lightGray": [0.7906835515319292, 0.8083774070835328, 0.8472561387902161], "white": [0.8754372050757371, 0.8876925386569098, 0.9289092962347375], "brightWhite": [0.9455854174047263, 0.9535587365139927, 0.9967877816198706], "darkGrey": [0.25088351538822556, 0.30854062923467557, 0.337995147450366], "mediumGrey": [0.47218140608144893, 0.5110843125075536, 0.5424300112285991], "lightGrey": [0.7906835515319292, 0.8083774070835328, 0.8472561387902161], "bgRed": [0.701429493323243, 0.40834117843828305, 0.4288663614873025], "bgYellow": [0.590898989795722, 0.4955449407306271, 0.20079427065670613], "bgGreen": [0.2534689138569938, 0.5720188062931959, 0.46975275548749656], "bgBlue": [0.25514888503131206, 0.5368751352268205, 0.7136203959153062], "bgDarkBlue": [1.020502214541974e-05, 0.32510141707574425, 0.46101711968387366], "bgLightYellow": [0.9306864725078858, 0.7944938892811766, 0.4057534601010895], "emphBg": [0.14972208405103188, 0.22427003911744786, 0.25568269330710874], "bg": [0.21129335317348397, 0.27424437868935725, 0.3041480570733342], "deEmphBg": [0.25088351538822556, 0.30854062923467557, 0.337995147450366], "deEmphFg": [0.47218140608144893, 0.5110843125075536, 0.5424300112285991], "fg": [0.7906835515319292, 0.8083774070835328, 0.8472561387902161], "emphFg": [0.8754372050757371, 0.8876925386569098, 0.9289092962347375], "invEmphBg": [0.9455854174047263, 0.9535587365139927, 0.9967877816198706], "invBg": [0.8754372050757371, 0.8876925386569098, 0.9289092962347375], "invDeEmphBg": [0.7906835515319292, 0.8083774070835328, 0.8472561387902161], "invDeEmphFg": [0.47218140608144893, 0.5110843125075536, 0.5424300112285991], "invFg": [0.25088351538822556, 0.30854062923467557, 0.337995147450366], "invEmphFg": [0.21129335317348397, 0.27424437868935725, 0.3041480570733342], "bgHighlight": [1.020502214541974e-05, 0.32510141707574425, 0.46101711968387366], "bgLowlight": [0.9306864725078858, 0.7944938892811766, 0.4057534601010895], "_name": "Lunaria Dark", "_type": "dark"}