{"softRed": [0.7430792449669227, 0.5328045350941062, 0.48164451896067345], "softYellow": [0.6579234182865902, 0.5852634123027889, 0.39415016812431036], "softGreen": [0.5039922950737737, 0.6306839059832897, 0.5053603183627332], "softBlue": [0.46862096067564324, 0.6077550749753954, 0.7490422913276723], "softViolet": [0.5862320034594568, 0.5664547234705215, 0.7577419728591935], "softMagenta": [0.7006587848926823, 0.5302907783620121, 0.6603680768946417], "vividRed": [0.9999993600468332, 0.5990212945517116, 0.47121925365432854], "vividYellow": [0.9433782092451037, 0.7881008428581351, 0.32783949699784254], "vividGreen": [0.5372824287308794, 0.7977405154974649, 0.5136701379582527], "vividBlue": [0.31389613555941415, 0.6247695152238816, 0.8687366883823525], "vividViolet": [0.6210006281435515, 0.5725376528085773, 0.9236430502439407], "vividMagenta": [0.8724084901733977, 0.5405243569594075, 0.7763935596517751], "invVividRed": [0.5432319363835647, 0.27319459262916934, 0.17938555591761185], "invVividYellow": [0.4989297859333897, 0.3993498978729979, 2.2641708479625294e-06], "invVividGreen": [0.21984726601728705, 0.4131738070919602, 0.21311473448368373], "invVividBlue": [1.1087450692451872e-05, 0.30002919010719237, 0.4581075360426839], "invVividViolet": [0.2938920006552123, 0.2611169693284595, 0.5047915441491204], "invVividMagenta": [0.46339673236895945, 0.23382269869220923, 0.40439100621799967], "hcRed": [0.9754208512729418, 0.6552937063311636, 0.564670329420866], "hcYellow": [0.8496173657500589, 0.7364145851307281, 0.4256196345425729], "hcGreen": [0.6113152284950069, 0.8073810820072913, 0.5998014265597839], "hcBlue": [0.5458433607140915, 0.7726857658440968, 0.9857645788010495], "hcViolet": [0.7420984920489404, 0.7064487330372907, 0.9993444012061158], "hcMagenta": [0.9165632829126589, 0.6498672679672172, 0.8432646713847681], "invHcRed": [0.4419277165406076, 0.19361387338788558, 0.09732140958205132], "invHcYellow": [0.3370143207771947, 0.27055326002299446, 3.7535047395890336e-06], "invHcGreen": [0.1328253851052947, 0.32608158041127633, 0.13499569359780833], "invHcBlue": [1.1135630030456588e-05, 0.2976552698131755, 0.45458263958026307], "invHcViolet": [0.2707523276280017, 0.23897875341482128, 0.4765847622156722], "invHcMagenta": [0.40565554853431346, 0.18575670281693235, 0.3521142037941684], "termLowRed": [0.5155318146211124, 0.3808334497158715, 0.3549563713407728], "termLowYellow": [0.651235337502741, 0.5962505957616095, 0.46005595965685014], "termLowGreen": [0.497731319938614, 0.591075706153505, 0.5069432146683935], "termLowBlue": [0.48851840453686907, 0.5882657010590184, 0.6991013551743258], "termLowViolet": [0.32590506051535606, 0.3181705953947266, 0.43431913176560766], "termLowMagenta": [0.5200262548070602, 0.40960457143957935, 0.5009771494214794], "termHighRed": [0.731182809547582, 0.5665301029396255, 0.5347924285660183], "termHighYellow": [0.9443447510869637, 0.8746440893427873, 0.7075853059387052], "termHighGreen": [0.7467410213934652, 0.8605217215400109, 0.7574120125351597], "termHighBlue": [0.7391736838701162, 0.8597986741725353, 0.9996636446424151], "termHighViolet": [0.46374735571463005, 0.4530857446680349, 0.5856597530294791], "termHighMagenta": [0.746540737580183, 0.6107900017094056, 0.7215990102913197], "deepBlack": [0.1279723146315509, 0.18769698971067558, 0.218466209784888], "black": [0.1968999257970916, 0.2466956191316504, 0.27524115568047053], "darkGray": [0.23924342246068792, 0.2852634596339304, 0.313280317856612], "mediumGray": [0.4673375491673499, 0.500760570990703, 0.5313456060365596], "lightGray": [0.7891776770568324, 0.8055610126389635, 0.8446187588323051], "white": [0.8744901229573352, 0.8861646160864798, 0.9277561160585022], "brightWhite": [0.9450527047631839, 0.9529867143667236, 0.996741719554313], "darkGrey": [0.23924342246068792, 0.2852634596339304, 0.313280317856612], "mediumGrey": [0.4673375491673499, 0.500760570990703, 0.5313456060365596], "lightGrey": [0.7891776770568324, 0.8055610126389635, 0.8446187588323051], "bgRed": [0.699963289707739, 0.39360859750331323, 0.4122137914085551], "bgYellow": [0.588088126258913, 0.484774107341672, 0.1494151319997044], "bgGreen": [0.24024647486444756, 0.5635860089151046, 0.4554735801975995], "bgBlue": [0.24208752205986078, 0.5273210527021999, 0.7074792986107142], "bgDarkBlue": [1.4957667939946574e-05, 0.3016737120974989, 0.43511227906852173], "bgLightYellow": [0.930591200492113, 0.7916197214570462, 0.38868926653155444], "emphBg": [0.1279723146315509, 0.18769698971067558, 0.218466209784888], "bg": [0.1968999257970916, 0.2466956191316504, 0.27524115568047053], "deEmphBg": [0.23924342246068792, 0.2852634596339304, 0.313280317856612], "deEmphFg": [0.4673375491673499, 0.500760570990703, 0.5313456060365596], "fg": [0.7891776770568324, 0.8055610126389635, 0.8446187588323051], "emphFg": [0.8744901229573352, 0.8861646160864798, 0.9277561160585022], "invEmphBg": [0.9450527047631839, 0.9529867143667236, 0.996741719554313], "invBg": [0.8744901229573352, 0.8861646160864798, 0.9277561160585022], "invDeEmphBg": [0.7891776770568324, 0.8055610126389635, 0.8446187588323051], "invDeEmphFg": [0.4673375491673499, 0.500760570990703, 0.5313456060365596], "invFg": [0.23924342246068792, 0.2852634596339304, 0.313280317856612], "invEmphFg": [0.1968999257970916, 0.2466956191316504, 0.27524115568047053], "bgHighlight": [1.4957667939946574e-05, 0.3016737120974989, 0.43511227906852173], "bgLowlight": [0.930591200492113, 0.7916197214570462, 0.38868926653155444], "_name": "Lunaria Eclipse", "_type": "dark"}