{"softRed": [0.5327020876298277, 0.37546494392093405, 0.3191765292451237], "softYellow": [0.46585755209314555, 0.415247722690804, 0.2609316419478031], "softGreen": [0.35316703096639857, 0.44795855316909544, 0.3478732619675302], "softBlue": [0.33564892077034014, 0.43002596021272005, 0.5210855623526357], "softViolet": [0.4230154213750774, 0.3992017291090328, 0.5241339682744504], "softMagenta": [0.5057351314695414, 0.37236911300088305, 0.45016666831145574], "vividRed": [0.5468019734029581, 0.2886137824773892, 0.17422823630698234], "vividYellow": [0.49890194723074227, 0.40700834375563016, 5.181822940683936e-06], "vividGreen": [0.23093074721108914, 0.41609139847746757, 0.22488030318335905], "vividBlue": [0.07059324501806977, 0.30012219601073514, 0.44373919376628196], "vividViolet": [0.3108005436565886, 0.2676890844589083, 0.47648943396805726], "vividMagenta": [0.47029917575790353, 0.24677232788366937, 0.3830523386473655], "invVividRed": [0.999999734865123, 0.6222088748170858, 0.46915424986706916], "invVividYellow": [0.937965778418107, 0.8004371766438128, 0.35856017818420366], "invVividGreen": [0.5570099873093945, 0.7984906098267832, 0.5313851889540689], "invVividBlue": [0.38825659517778904, 0.6219123939480611, 0.8206171406908006], "invVividViolet": [0.6438750009381214, 0.582160203816388, 0.8699894007869226], "invVividMagenta": [0.8766522615299682, 0.5603110900414107, 0.7394294040935996], "hcRed": [0.4084888357260027, 0.21994208295487166, 0.14018211640481706], "hcYellow": [0.3330250675906827, 0.2728818484370042, 2.0764911108838747e-06], "hcGreen": [0.17946112808596834, 0.3152312709512022, 0.18139702658835982], "hcBlue": [0.13731914330809197, 0.29330595555167244, 0.4102223546957633], "hcViolet": [0.2818852723618175, 0.25069205312710724, 0.41360166711829105], "hcMagenta": [0.3822373417652979, 0.2136950782310315, 0.3185602516418721], "invHcRed": [0.9999999534722602, 0.7510193805836014, 0.6602348199762418], "invHcYellow": [0.8942946531574063, 0.8118057428081222, 0.5754214609199126], "invHcGreen": [0.7228144733413924, 0.8623004592449094, 0.7036123433585045], "invHcBlue": [0.6981473101132133, 0.8343657954574268, 0.9723757210094611], "invHcViolet": [0.8276687853689528, 0.7873171148018371, 0.977262836142276], "invHcMagenta": [0.9564496956368381, 0.7466025729893768, 0.8611269927074442], "termLowRed": [0.47000589382130736, 0.2334620690838251, 0.12327877048325706], "termLowYellow": [0.5602617312474764, 0.4589356788263899, 0.04158278076193638], "termLowGreen": [0.2871128541068701, 0.4913384982717856, 0.27610721178321357], "termLowBlue": [0.21737181413694778, 0.47083278553794555, 0.6611795176279284], "termLowViolet": [0.24551776692219285, 0.2065447265268297, 0.3995932196576923], "termLowMagenta": [0.4729809725196517, 0.24661183702795375, 0.38467594508729736], "termHighRed": [0.6919909540065046, 0.3824196141966994, 0.24926409627317203], "termHighYellow": [0.862079487366681, 0.7167464938376408, 0.20719064533057313], "termHighGreen": [0.48130626461041853, 0.7578487818081713, 0.45722129834384034], "termHighBlue": [0.39394458505415897, 0.7307409138611097, 0.999998816836971], "termHighViolet": [0.3593484068513022, 0.31148399573478014, 0.5391731895801273], "termHighMagenta": [0.7090343725379741, 0.4066953421210932, 0.5831504441002836], "deepBlack": [0.18291589614814788, 0.1792753151045392, 0.18563001788781794], "black": [0.24249212235810907, 0.23631668128219785, 0.23931278298846476], "darkGray": [0.2829083742691901, 0.27520597466112506, 0.27646582698340116], "mediumGray": [0.5111571708660804, 0.49595270675119923, 0.4907696974103745], "lightGray": [0.8359779367601373, 0.8110674497290344, 0.7997439729054022], "white": [0.9208780676547791, 0.8934865298690983, 0.8807367986820487], "brightWhite": [0.9609049538163498, 0.9323478103600316, 0.9189388782657871], "darkGrey": [0.2829083742691901, 0.27520597466112506, 0.27646582698340116], "mediumGrey": [0.5111571708660804, 0.49595270675119923, 0.4907696974103745], "lightGrey": [0.8359779367601373, 0.8110674497290344, 0.7997439729054022], "bgRed": [0.7200735686119073, 0.3888859020689853, 0.39149306547495283], "bgYellow": [0.6021005605746844, 0.48621538137016956, 0.09406285384382851], "bgGreen": [0.2278525965295341, 0.5724409691211299, 0.4355228810325542], "bgBlue": [0.22145247416443514, 0.5357646049461668, 0.7075844437456092], "bgDarkBlue": [2.6447717626421064e-06, 0.30380235400919364, 0.4249568211066081], "bgLightYellow": [0.9700769201090654, 0.7967511998327597, 0.27425692431408555], "emphBg": [0.9609049538163498, 0.9323478103600316, 0.9189388782657871], "bg": [0.9208780676547791, 0.8934865298690983, 0.8807367986820487], "deEmphBg": [0.8359779367601373, 0.8110674497290344, 0.7997439729054022], "deEmphFg": [0.5111571708660804, 0.49595270675119923, 0.4907696974103745], "fg": [0.2829083742691901, 0.27520597466112506, 0.27646582698340116], "emphFg": [0.24249212235810907, 0.23631668128219785, 0.23931278298846476], "invEmphBg": [0.18291589614814788, 0.1792753151045392, 0.18563001788781794], "invBg": [0.24249212235810907, 0.23631668128219785, 0.23931278298846476], "invDeEmphBg": [0.2829083742691901, 0.27520597466112506, 0.27646582698340116], "invDeEmphFg": [0.5111571708660804, 0.49595270675119923, 0.4907696974103745], "invFg": [0.8359779367601373, 0.8110674497290344, 0.7997439729054022], "invEmphFg": [0.9208780676547791, 0.8934865298690983, 0.8807367986820487], "bgHighlight": [0.9700769201090654, 0.7967511998327597, 0.27425692431408555], "bgLowlight": [2.6447717626421064e-06, 0.30380235400919364, 0.4249568211066081], "_name": "Lunaria Light", "_type": "light"}